scenario,bank,start_cet1_ratio,trough_quarter,trough_cet1,trough_cet1_ratio,breach,shortfall_gbp
adverse,HSBC,0.14,2028Q3,-63.958252279869896,-0.11220746014012263,True,103.8582522798699
adverse,Lloyds Banking Group,0.15,2028Q3,-79.77565153335263,-0.31284569228765735,True,97.62565153335262
adverse,Standard Chartered,0.13,2028Q3,-21.324369983416766,-0.061809768067874686,True,45.474369983416764
baseline,HSBC,0.14,2028Q3,-38.42026025379174,-0.06740396535752936,True,78.32026025379174
baseline,Lloyds Banking Group,0.15,2028Q3,-62.83661660540035,-0.24641810433490333,True,80.68661660540036
baseline,Standard Chartered,0.13,2028Q3,-7.6596182871649745,-0.022201792136710072,True,31.809618287164977
