scenario,bank,start_cet1_ratio (%),trough_quarter,trough_cet1,trough_cet1_ratio (%),breach (hurdle = 7%),shortfall_gbp
adverse,HSBC,14.000000000000002,2028Q3,-76.64612520520365,-13.446688632491869,True,116.54612520520365
adverse,Lloyds Banking Group,15.0,2028Q3,-84.8187030128034,-33.26223647560917,True,102.6687030128034
adverse,Standard Chartered,13.0,2028Q3,-28.68487710030417,-8.314457130522948,True,52.83487710030417
baseline,HSBC,14.000000000000002,2028Q3,-51.1081331791255,-8.966339154232545,True,91.00813317912551
baseline,Lloyds Banking Group,15.0,2028Q3,-67.87966808485118,-26.61947768033379,True,85.72966808485117
baseline,Standard Chartered,13.0,2028Q3,-15.020125404052393,-4.353659537406491,True,39.1701254040524
