scenario,bank,start_cet1_ratio (%),trough_quarter,trough_cet1,trough_cet1_ratio (%),breach (hurdle = 7%),shortfall_gbp
adverse,HSBC,14.000000000000002,2028Q3,-63.958252279869896,-11.220746014012263,True,103.8582522798699
adverse,Lloyds Banking Group,15.0,2028Q3,-79.77565153335263,-31.284569228765736,True,97.62565153335262
adverse,Standard Chartered,13.0,2028Q3,-21.324369983416766,-6.180976806787468,True,45.474369983416764
baseline,HSBC,14.000000000000002,2028Q3,-38.42026025379174,-6.740396535752937,True,78.32026025379174
baseline,Lloyds Banking Group,15.0,2028Q3,-62.83661660540035,-24.64181043349033,True,80.68661660540036
baseline,Standard Chartered,13.0,2028Q3,-7.6596182871649745,-2.220179213671007,True,31.809618287164977
