scenario,bank,start_cet1_ratio (%),trough_quarter,trough_cet1,trough_cet1_ratio (%),breach (hurdle = 7%),shortfall_gbp
adverse,HSBC,14.249999999999998,2028Q3,-123.87215018918931,-18.667281516454604,True,170.3226765049788
adverse,Lloyds Banking Group,13.600000000000001,2028Q3,-96.64035039398179,-50.694621822037824,True,109.98461509986414
adverse,Standard Chartered,14.2,2028Q3,-50.056320084209034,-26.252991512309077,True,63.40315107012453
baseline,HSBC,14.249999999999998,2028Q3,-109.65973705796094,-16.525499715270126,True,156.11026337375043
baseline,Lloyds Banking Group,13.600000000000001,2028Q3,-88.61485196377109,-46.48468667389057,True,101.95911666965344
baseline,Standard Chartered,14.2,2028Q3,-44.8338719557853,-23.513979012821835,True,58.180702941700794
